Breakdown Type,Name,Description,Source
Agency,"Addiction Services and Supports, Office of","The New York State Office of Addiction Services and Supports (NYS OASAS) oversees one of the nation's largest addiction services systems with nearly 1,600 prevention, treatment and recovery programs. NYS OASAS-certified chemical dependence treatment programs assist about 100,000 people a day and approximately 234,000 individuals every year. Individuals battling addiction issues can get help by calling New York State's toll-free, 24-hour 7 days a week HOPEline at 1-877-8-HOPENY; individuals and families battling addiction issues can also find assistance at combataddiction.ny.gov.",http://www.oasas.ny.gov/
Agency,Adirondack Park Agency,"The APA is a New York State government agency, consisting of approximately 54 staff and an eleven-member board. In 1971 the APA was created by the State Legislature to protect the public and private resources of the Park through the exercise of the powers and duties provided by law.  ",http://apa.ny.gov/
Agency,"Aging, Office for the","Our Mission is to help older New Yorkers be as independent as possible for as long as possible through advocacy, development and delivery of person-centered, consumer-oriented, and cost-effective policies, programs and services which support and empower older adults and their families, in partnership with the network of public and private organizations which serve them.",https://aging.ny.gov/about-new-york-state-office-aging 
Agency,"Agriculture and Markets, Department of","The Department of Agriculture and Markets' mission is to foster a competitive food and agriculture industry that benefits producers and consumers alike. Agriculture makes up one-quarter of the State's land area and contributes immensely to the quality of life in New York State by generating economic activity and producing wholesome products to nourish families. The Department works diligently to promote a viable agricultural industry, foster agricultural environmental stewardship, and safeguard our food supply.",http://www.agriculture.ny.gov/
Agency,Aid and Incentives for Municipalities,"The Aid and Incentives to Municipalities (AIM) program provides general purpose aid to cities, towns, and villages.",Executive Briefing Book Page 110
Agency,"Alcoholic Beverage Control, Division of",The State Liquor Authority has two main functions: 1) issuing licenses and permits; and 2) ensuring compliance with the Alcoholic Beverage Control Law. The Authority's licensing activities focus on the timely processing of licenses and permits. The Authority's enforcement activities focus on the protection of the public by working with local law enforcement agencies and local communities to bring administrative actions against licensees who violate the law.,https://sla.ny.gov/
Agency,Arts and Cultural Facilities Improvement,"The Arts and Cultural Facilities Improvement Program provides for targeted investment for capital projects in such eligible arts or cultural facilities to improve the quality, efficiency, and accessibility of arts and cultural organizations that benefit New Yorkers.",https://www.arts.ny.gov/programs/mid-sized-capital-fund
Agency,"Arts, Council on the",The New York State Council on the Arts is dedicated to preserving and expanding the rich and diverse cultural resources that are and will become the heritage of New York's citizens.,http://www.nysca.org/public/home.cfm
Agency,"Audit and Control, Department of","The Department of Audit and Control (A&C) was created in 1926 and is headed by the State Comptroller, who is elected by the citizens of New York State. The Department is responsible for paying the State's bills and payrolls; verifying all financial transactions of the State; reviewing the financial and management practices of State agencies; supervising the fiscal affairs of local governments; investing State funds and issuing bonds and notes; and administering the retirement program for State and most local government employees.",http://www.osc.state.ny.us/
Agency,"Budget, Division of the","The Division of the Budget (DOB) is responsible for assisting the Governor in the development of the Executive Budget and serves as the Governor's primary advisor on fiscal matters such as local government and public authority finances. To support the Governor's efforts, DOB will continue to reshape its mission and organizational structure to manage program and policy delivery outcomes. This mission includes oversight of agency performance, and an enhanced emphasis on governance to embed a culture of performance throughout the State. The synthesis of management and budget functions within DOB will ensure that the policies, programs and projects contained in the Budget are delivered in a timely, cost-effective manner.",https://www.budget.ny.gov/
Agency,"Children and Family Services, Office of","The Office of Children and Family Services (OCFS) promotes the safety and well-being of children and adults through a system of family support, juvenile justice that includes youth facilities and community services for youth, child care, and child welfare services.  The agency's major program responsibilities include  the juvenile justice system, foster care, child care, adoption, child protective services including operating the Statewide Central Register for Child Abuse and Maltreatment, preventive services to keep children in their homes and out of foster care, protective programs for vulnerable adults, services to legally blind residents through the Commission for the Blind, and operation of the Human Services Call Center.       ",http://ocfs.ny.gov/main/
Agency,City University of New York,"CUNY is the nation's largest urban university, comprising 25 campuses with an enrollment of over 275,000 degree-seeking students and 225,000 adult and continuing education students. The University's 21st-century mission remains true to its founding principles of academic excellence, scholarship and opportunity for all. CUNY boasts 13 Nobel laureates and the tradition of high academic achievement continues as our students win prestigious scholarships. In recent years, the University has produced 70 Fulbright scholars, 70 National Science Foundation fellows, 10 Truman scholars and seven Rhodes scholars.",http://www.cuny.edu/index.html
Agency,"Civil Service, Department of","The Department of Civil Service is charged with providing human resource management services to State and local governments. The Department assists State agencies with personnel recruitment and placement services, administers tests, oversees job classifications, and administers benefits.",http://www.cs.ny.gov/
Agency,"Correction, Commission of","The New York State Commission of Correction has a mission to provide for a SAFE, STABLE and HUMANE correctional system in New York State.  Promulgates minimum standards for the management of correctional facilities.  Evaluates, investigates and oversees correctional facilities. Assists in developing new correctional facilities.  Provides technical assistance.",http://www.scoc.ny.gov/
Agency,"Corrections and Community Supervision, Department of","To improve public safety by providing a continuity of appropriate treatment services in safe and secure facilities where offenders' needs are addressed and they are prepared for release, followed by supportive services under community supervision to facilitate a successful completion of their sentence.",http://www.doccs.ny.gov/
Agency,County-Wide Shared Services Initiative, The County-Wide Shared Services Initiative requires local governments in each county to meet to discuss and pursue opportunities for shared services that will permanently reduce the local property tax burden. ,Executive Briefing Book Page 111-112
Agency,"Criminal Justice Services, Division of","At DCJS, our core agency functions include criminal history checks, fingerprint operations, coordination of grant funds, providing timely information, public safety, law enforcement training, breathalyzer and speed enforcement equipment repair, accreditation of police departments and forensic laboratories, Uniform Crime Reporting, research, hosting criminal justice boards and commissions, providing information to criminal justice agencies and institutions, and hosting other criminal justice agencies. Much of our contact with the public involves the Sex Offender Registry, where anyone can check for the presence of high and medium risk sex offenders in their neighborhood (information on Level 1 or low level offenders can be obtained by calling 518-457-5837 or 1-800-262-3257 if you have a name you would like to check. You will need the individual's name and another identifying fact, such as date of birth). We also support Operation IMPACT, an initiative where we provide special assistance to the 17 counties upstate and on Long Island that account for nearly 80 percent of the crime outside of New York City.",http://www.criminaljustice.ny.gov/
Agency,Debt Service,Debt Service is the use of tax receipts for the repayment of the debt issued for the various bonding programs administered by the State.,FY 2020 Financial Plan Page 27
Agency,Deferred Compensation Board,"The three member Deferred Compensation Board is the regulatory authority for all public sector 457 plans in the State of New York, including the State Plan and deferred compensation plans that are approved by the Board but are not a part of the State Plan.",https://www.goer.ny.gov/NYSDCP/
Agency,Development Authority of the North Country,"The mission of the Development Authority of the North Country is to serve the common interests of Jefferson, Lewis and St. Lawrence Counties by providing technical services and infrastructure, which will enhance economic opportunities in the region and promote the health and well being of its communities.",http://www.danc.org/
Agency,Developmental Disabilities Planning Council,"The New York State Developmental Disabilities Planning Council (DDPC) is committed to enhancing the lives of New Yorkers with intellectual and developmental disabilities and their families by working with key stakeholders to develop, demonstrate, and implement innovative ideas and programs that promote self-determination, independence, productivity, and integration and inclusion in all facets of community life. ",http://ddpc.ny.gov/
Agency,Economic Development Capital,"The Economic Development and Government Oversight program supports economic development capital projects and programs that are integrated with regional strategies to create jobs, increase economic activity, and retain and attract businesses to the State.",FY 2019 Capital Program and Financing Plan Page 47
Agency,"Economic Development, Department of","The mission of Empire State Development is to promote a vigorous and growing state economy, encourage business investment and job creation, and support diverse, prosperous local economies across New York State through the efficient use of loans, grants, tax credits, real estate development, marketing and other forms of assistance.",http://www.nylovesbiz.com/AboutUs.html
Agency,"Education Department, State","The New York State Education Department is part of the University of the State of New York (USNY), one of the most complete, interconnected systems of educational services in the United States.  SED's mission is to raise the knowledge, skill, and opportunity of all the people in New York. Our vision is to provide leadership for a system that yields the best educated people in the world.",http://www.nysed.gov/
Agency,"Elections, State Board of","The State Board of Elections is a bipartisan agency vested with the responsibility for administration and enforcement of all laws relating to elections in New York State. The Board is also responsible for regulating disclosure and limitations of a Fair Campaign Code intended to govern campaign practices. In conducting these wide-ranging responsibilities, the Board offers assistance to local election boards and investigates complaints of possible statutory violations. ",http://www.elections.ny.gov/
Agency,Empire State Development Corporation,"The mission of Empire State Development is to promote a vigorous and growing state economy, encourage business investment and job creation, and support diverse, prosperous local economies across New York State through the efficient use of loans, grants, tax credits, real estate development, marketing and other forms of assistance.",http://www.esd.ny.gov/
Agency,"Employee Relations, Office of","To advance the performance of state government through collaborative labor relations, workforce training, education, and benefits.  In addition OER represents the Governor in negotiating collective bargaining agreements.  ",https://www.goer.ny.gov/
Agency,"Energy Research and Development Authority, New York State","The New York State Energy Research and Development Authority (NYSERDA), a public benefit corporation, offers objective information and analysis, innovative programs, technical expertise, and funding to help New Yorkers increase energy efficiency, save money, use renewable energy, and reduce reliance on fossil fuels. NYSERDA professionals work to protect the environment and create clean energy jobs. NYSERDA has been developing partnerships to advance innovative energy solutions in New York State since 1975.",http://www.nyserda.ny.gov/
Agency,"Environmental Conservation, Department of","The mission of the Department of Environmental Conservation is to conserve, improve and protect New York's natural resources and environment and to prevent, abate and control water, land and air pollution, in order to enhance the health, safety and welfare of the people of the state and their overall economic and social well-being.",http://www.dec.ny.gov/
Agency,Environmental Facilities Corporation,The mission of the Environmental Facilities Corporation (EFC) is to provide low-cost capital and expert technical assistance for environmental projects in New York State. EFC's purpose is to help public and private entities comply with federal and State environmental protection and quality requirements in a cost effective manner that advances sustainable growth. EFC promotes innovative environmental technologies and practices in all of their programs.,https://www.efc.ny.gov/
Agency,Executive Chamber,The Executive Chamber is the Office of the Governor and includes the immediate staff that assists the Governor in managing State government.  ,http://www.governor.ny.gov/
Agency,"Financial Services, Department of","Legislation enacted with the FY2012 Budget established the Department of Financial Services, integrating the New York State Banking Department and the Insurance Department into a modern, consolidated financial regulator overseeing industries that are critical to the State's financial vitality. The mission of the Department consists of the following activities and objectives: Foster continued growth of the financial industry in New York and spur State economic development through judicious regulation and vigilant supervision; Ensure the continued solvency, safety, soundness, and prudent conduct of the providers of financial products and services;  Ensure fair, timely, and equitable fulfillment of industry financial obligations; Ensure the current and continuing solvency of providers and practitioners; Ensure high standards of honesty, transparency, fair business practices, and public responsibility; Educate the public regarding the nature and use of financial products and services and ensure that consumers have access to understandable information so that they may make responsible decisions about financial products and services.",http://www.dfs.ny.gov/
Agency,"Gaming Commission, New York State","The New York State Gaming Commission's mission is to ensure that all lawful gaming activity conducted in this State is of the highest integrity, credibility and quality.  Such activities include horse racing, Indian gaming, the state lottery (including video lottery terminals), commercial casinos, and charitable gaming. Operating in the most efficient and transparent manner, the Commission conducts the New York Lottery and serves the best interests of the public by providing responsive and effective state gaming regulation. The Commission strives to ensure that all stakeholders in the gaming and horse racing industries, including the consumers who wager on activities regulated or operated by the Commission, are treated in an equitable and responsible manner and to promote the health and safety of horses and all participants in racing. In early 2013, the Commission was created through a consolidation of two previously existing State agencies, the Division of the Lottery and the State Racing and Wagering Board. With the consolidation of these regulatory functions into one oversight body with broad powers, the Commission seeks to ensure fair and strict regulation of all gaming activity while reducing costs and burdens to the gaming industry. The Commission aspires to provide the regulatory structure necessary for New York gaming activity to operate effectively in a global and increasingly competitive marketplace, generate revenue for education and local government aid, and contribute to overall economic development and job creation in New York.",https://www.gaming.ny.gov/
Agency,"General Services, Office of","OGS manages and leases real property, designs and builds facilities, contracts for goods, services, and technology, and delivers a wide array of support services. ",http://www.ogs.ny.gov/
Agency,General State Charges,"General State Charges pays for a variety of fringe benefits for the State's current and former employees, including health insurance, pensions, the Social Security payroll tax, workers' compensation coverage, unemployment insurance, survivors' benefits, and dental and vision benefits (some of which are provided through union-specific Employee Benefit Funds).  GSCs also pay for certain statewide fixed costs, including taxes on State-owned lands, Payments in Lieu of Taxes (PILOT) (for the City of Albany) and judgments / settlements awarded in the Court of Claims.  Many of these payments are mandated by statute or collective bargaining agreement. ",Executive Briefing Book Page 138
Agency,Governor's Traffic Safety Committee,"The primary objective of the Association is to achieve professional recognition, uniformity of operation and the advancement of the general welfare of the police profession through the education of its members.",http://safeny.ny.gov/
Agency,"Health, Department of","The Department of Health's (DOH) mission is to ensure that high quality health services are available to all New Yorkers. Consistent with this mission, DOH manages comprehensive health care and long-term care coverage for low- and middle-income individuals and families through the Medicaid, Child Health Plus (CHP), the Essential Plan (EP) and the Elderly Pharmaceutical Insurance Coverage (EPIC) programs. In addition to its health insurance programs, DOH protects public health, supervises public health activities throughout the State, and operates health care facilities including Helen Hayes Hospital, four veterans' nursing homes, and the Wadsworth Center for Laboratories and Research. The Department also regulates health care facilities in the State.",https://www.health.ny.gov/
Agency,High Technology and Development Program,"This funding is for research and development of innovative technologies and to leverage private investment in advanced science and technology, economic development initiatives, infrastructure, manufacturing, and other economic development initiatives.",https://www.budget.ny.gov/pubs/archive/fy20/exec/cp/fy20cp-ex.pdf
Agency,Higher Education - Miscellaneous,"New York's 529 College Savings Program enables individuals to invest in college, deferred from federal and state income tax. Students may use the investment to pay for college tuition, certain room-and-board expenses, fees, books, supplies and other higher education expenses.",https://www.budget.ny.gov/pubs/archive/fy20/exec/agencies/appropData/HigherEducationMiscellaneous.pdf
Agency,Higher Education Facilities Capital Matching Grants Program,"The HECap Program awards matching capital Grants to Colleges for the design, acquisition, construction, reconstruction, rehabilitation or equipping of a facility on or near a college campus within the State, including critical academic facilities, economic development and/or high technology projects and urban renewal and/or historical preservation projects that would enhance the programmatic offerings or the student life at the College or provide economic development benefits to the area surrounding such college campus.",https://www.budget.ny.gov/pubs/archive/fy20/exec/agencies/appropData/HigherEducationFacilitiesCapitalMatchingGrantsProgram.pdf
Agency,"Higher Education Services Corporation, New York State","The Higher Education Services Corporation (HESC) is New York State's student financial aid agency that helps people pay for college and is a national leader in providing need-based grant and scholarship award money to college-going students. At HESC's core are programs like the Tuition Assistance Program (TAP), the Excelsior Scholarship,  numerous other state scholarships, federal college access grants and a highly successful College Savings program. HESC puts college within the reach of hundreds of thousands of New Yorkers each year through programs like these and through the guidance it provides to students, families and counselors.  ",http://www.hesc.ny.gov/
Agency,"Homeland Security and Emergency Services, Division of","The Division of Homeland Security and Emergency Services (DHSES) is dedicated to the preparation and protection of the State's citizens, communities, resources, economy, and infrastructure from threats and acts of terrorism, natural disasters, and other emergencies. DHSES is comprised of the Office of Counter-Terrorism, the Office of Emergency Management, the Office of Fire Prevention and Control, the Office of Interoperable and Emergency Communications, the Office of Asset Management and State Preparedness Training Center, the Office of Recovery Programs, and the Office of Administration and Finance. ",http://www.dhses.ny.gov/
Agency,"Housing and Community Renewal, Division of","The Division of Housing and Community Renewal (DHCR) is responsible for the supervision, maintenance, and development of affordable low- and moderate-income housing in New York State. DHCR performs a number of activities, including oversight and regulation of the State's public and publicly assisted rental housing; administration of the State's rent regulations and protection of rent regulated tenants; and administration of housing development and community preservation programs, including State and Federal grants and loans to housing developers to finance construction and renovation of affordable housing.",https://www.budget.ny.gov/pubs/archive/fy20/exec/agencies/appropData/HousingandCommunityRenewalDivisionof.pdf
Agency,Housing Finance Agency,"The New York Housing Finance Agency offers financing to for-profit and not-for-profit developers to build affordable housing and preserve existing affordable housing, including Mitchell Lama developments. HFA was merged into New York Homes and Community Renewal in 2010 with all of the State's other major housing and community renewal agencies.",https://www.ny.gov/agencies/homes-and-community-renewal
Agency,Hudson River Park Trust,"Hudson River Park, the longest waterfront park in the United States, has transformed four miles of decaying piers and parking lots along Manhattan's West side into a beloved, urban recreational paradise. Attracting 17 million visits each year, the Park offers a myriad of recreational and educational activities for local residents and visitors alike, and plays a critical role in protecting the Hudson River environment itself.",http://www.hudsonriverpark.org/
Agency,"Human Rights, Division of","The Division of Human Rights is the State agency charged with enforcing the Human Rights Law and protecting the civil rights of New Yorkers. To fulfill these responsibilities, the Division: prosecutes unlawful discriminatory practices, investigates and resolves individual complaints of illegal discrimination, advances policies and legislation that expand and/or better protect the civil rights of New Yorkers, and promotes human rights awareness through education and outreach.",https://www.budget.ny.gov/pubs/archive/fy20/exec/agencies/appropData/HumanRightsDivisionof.html
Agency,"Indigent Legal Services, Office of","The purpose of the Office of Indigent Legal Services is 'to monitor, study and make efforts to improve the quality of services provided pursuant to article eighteen-B of the county law.' Executive Law Article 30, Section 832(1). The Office does not provide legal assistance or lawyer referrals to individuals. Rather, it operates under the direction and pursuant to policies established by the Board to assist county governments and indigent legal services providers in the exercise of their responsibility under County Law Article 18-B to provide the effective assistance of counsel to those persons who are legally entitled to counsel, but cannot afford to hire an attorney.",https://www.ils.ny.gov/
Agency,"Information Technology Services, Office of","The New York State Office of Information Technology Services (ITS) was created in 2012 to transform IT services in an effort to make New York State government work smarter for its citizens and enable the State to be accessible for businesses through the use of technology. ITS provides statewide IT strategic direction, directs IT policy and delivers centralized IT products and services that support the mission of the State.",https://its.ny.gov/about-agency
Agency,"Inspector General, Office of the","The Inspector General's Office is entrusted with the responsibility of ensuring that State government, its employees and those who work with the state meet the highest standards of honesty, accountability, and efficiency.",http://www.ig.ny.gov/
Agency,Interest on Lawyers Account,The Interest on Lawyer Account (IOLA) Fund was established in 1983 to finance civil legal services for the indigent. Revenues are derived from the interest earned on small trust accounts in which attorneys hold certain funds for their clients,http://www.iola.org/
Agency,"Judicial Conduct, Commission on","The New York State Commission on Judicial Conduct is the state agency responsible for investigating complaints of misconduct against judges of the state unified court system and, where appropriate, determining to admonish, censure or remove from office those judges found to have engaged in unethical behavior.",http://www.cjc.ny.gov/
Agency,"Judicial Nomination, Commission on","The State Constitution established the Commission on Judicial Nomination to evaluate candidates and make recommendations to the Governor for appointment to the Court of Appeals, the State highest court. The Commission on Judicial Nomination has 12 members appointed by the Governor, the Chief Judge of the Court of Appeals and the Legislature. These members serve without pay and conduct the search for qualified candidates upon formal notification of a vacancy on the Court of Appeals.",http://nysegov.com/cjn/
Agency,"Judicial Screening Committees, New York State",The Governor's Judicial Screening Committees are established by Executive Order to evaluate the qualifications of candidates and make recommendations to the Governor for appointment to judgeships other than those on the Court of Appeals. The Committees are located throughout the State.,http://www.governor.ny.gov/judicial-screening
Agency,Judiciary,"The Judiciary is one of the three branches of New York State government.  The mission of the Judiciary is to provide a forum for the fair and prompt resolution of civil and family disputes, criminal charges, disputes between citizens and the state, and challenges to government action.  Other matters within the jurisdiction of the Judiciary are the administration of decedents' estates, presiding over adoptions and proceedings to protect children and incapacitated persons, and regulation of the admission of lawyers to the Bar and their conduct and discipline.  Each year close to four million new cases are filed in the New York State Courts.",http://www.nycourts.gov/
Agency,Justice Center for the Protection of People with Special Needs,"The Justice Center is committed to protecting the health and safety of vulnerable people under the State's care or oversight, through receiving, investigating and/or reviewing abuse and neglect allegations at certain facilities and programs that are operated, certified, or licensed by the following six agencies: OPWDD, OCFS, OMH, OASAS, DOH, SED. ",http://www.justicecenter.ny.gov/
Agency,Labor Management Committees,"Labor Management Committees advance the performance of state government through collaborative labor relations, workforce training, education, and benefits.",https://goer.ny.gov/about-goer
Agency,"Labor, Department of","The Department of Labor (DOL) connects job seekers to careers, assists the unemployed, partners with businesses to help them compete, and protects workers and the public. Specifically, DOL administers New York's Unemployment Insurance, Workforce Development, and Worker Protection programs. It also enforces safety and health regulations in the public sector, State labor laws and Federal statutes related to working conditions, wages and hours, and laws related to public works. DOL is a primary advocate for job creation and economic growth through workforce development and serves as the State's principal source for labor market information, offering a variety of services designed to help businesses find workers, and people find jobs.",https://www.budget.ny.gov/pubs/archive/fy20/exec/agencies/appropData/LaborDepartmentof.pdf
Agency,Lake Ontario Resiliency/Economic Development,Lake Ontario Resiliency/Economic Development represents funding supported and managed by the Empire State Development Corporation in response to flooding around Lake Ontario and the St. Lawrence River.,
Agency,"Law, Department of","The Department of Law is responsible for protecting the legal rights of New York State and its citizens by representing the State in litigation and in other legal affairs. In implementing its constitutional responsibilities, the Department performs a wide range of functions including prosecuting or defending actions and proceedings for or against the State and its departments; prosecuting certain criminal violations of the Labor, Workers' Compensation and Unemployment Insurance laws; investigating and prosecuting other criminal cases at the request of the Governor or the commissioners of State departments; investigating the activities of organized crime; bringing civil and/or criminal actions against polluters, violators of antitrust laws and those who defraud consumers or investors; mediating consumer complaints; and investigating and prosecuting cases of Medicaid fraud.",https://ag.ny.gov/
Agency,Legislature,The New York State Legislature is comprised of the  Senate and Assembly.  The Senate is the upper house in the State Legislature. It currently has 63 members each elected to two-year terms without term limits. The Assembly is the lower house of the State Legislature. ,https://www.ny.gov/agencies
Agency,"Lieutenant Governor, Office of the","The Office of the Lieutenant Governor is, in addition to other projects, responsible for assisting the Governor in leading the Regional Economic Development Councils that bring together stakeholders from labor, business, academia, and communities to develop long-term strategic plans based on each region's unique resources and specific priorities.",http://www.governor.ny.gov/
Agency,"Lobbying, Temporary State Commission on","The Commission, now integrated into the Joint Commission on Public Ethics,  played a significant role in the operation and oversight of government - promoting integrity by helping those in public service understand their ethical obligations, ensuring transparency through rigorous public reporting disclosures, and providing accountability through enforcement actions to address ethical misconduct. This website is a resource for state officers and officials, lobbyists and their clients, and the general public, providing information on the Commission's activities, as well as training and guidance for those subject to its jurisdiction.",http://www.jcope.ny.gov/
Agency,Long Island Power Authority,"The mission of the Long Island Power Authority (LIPA) is to ensure the provision of reliable, economical and responsive electric service to 1.1 million customers on Long Island and in the Rockaways, meet the expectations of their bond holders and be a trusted, valued member of the community. LIPA will oversee the performance of their Service Provider, PSEG-Long Island, maintain a consistent focus on energy efficiency and renewable energy and carry out their public service, fiscal and contractual duties faithfully, transparently and professionally.",http://www.lipower.org/
Agency,"Medicaid Inspector General, Office of the","To enhance the integrity of the New York State Medicaid program by preventing and detecting fraudulent, abusive, and wasteful practices within the Medicaid program and recovering improperly expended Medicaid funds while promoting a high quality of patient care.",http://www.omig.ny.gov/
Agency,"Mental Health, Office of","New York State has a large, multi-faceted mental health system that serves more than 834,000 individuals each year. The Office of Mental Health (OMH) operates psychiatric centers across the State, and also regulates, certifies and oversees more than 5,100 programs, which are operated by local governments and not-for-profit agencies. These programs include various inpatient and outpatient programs, emergency, community support, residential and family care programs.",https://www.omh.ny.gov/
Agency,Metropolitan Transportation Authority,"The Metropolitan Transportation Authority is North America's largest transportation network, serving a population of 15.1 million people in the 5,000-square-mile area fanning out from New York City through Long Island, southeastern New York State, and Connecticut.",http://www.mta.info/
Agency,"Military and Naval Affairs, Division of ","The New York State Division of Military and Naval Affairs (DMNA) is the state's executive agency responsible to the Governor for managing New York's Military Forces, which consists of nearly 20,000 members of the New York Army National Guard, the New York Air National Guard, the New York Naval Militia and the New York Guard. The agency and state military forces are led by the Adjutant General, who is a commissioner appointed by the Governor and is thereby responsible for the agency administration as well as training, personnel, equipment and facility readiness for all of New York's military forces, including preparing the New York National Guard for deployment on federal missions—which can include war time deployments—and for employment within New York in disaster response or homeland security missions. The Adjutant General has a dual role as an appointed employee of NYS, and a federally recognized and active drilling general officer in the New York National Guard. The agency reports to the executive chamber as part of the Governor's Public Safety team.",https://dmna.ny.gov/about/
Agency,Miscellaneous Financial Assistance,Miscellaneous Financial Assistance provides aid to certain local governments. ,
Agency,"Motor Vehicles, Department of","DMV issues secure identity documents, delivers essential motor vehicle and driver related services, and administers motor vehicle laws enacted to promote safety and protect consumers.",http://dmv.ny.gov/
Agency,Municipalities with VLT Facilities,"In 2001, the State legislature approved the installation of Video Lottery Terminals (VLTs) at the State's horse racing facilities (Video Lottery Terminal Facilities [VLT Facilities]) to complement the Lottery's pre-existing games of chance. In addition to providing additional funds for education, the VLT revenues are to provide much needed financial assistance to the racetracks. VLTs in New York State are currently located at nine of the State's racetracks. The VLTs pay bettors prizes averaging a minimum of 90 percent of credits played, the dollar amounts received from the bettors. The remaining VLT revenues (""net win"") are paid to education; the respective VLT Facility operators for purses, marketing and capital projects; and the Lottery, to cover its costs of administering the VLT program. The VLT operators also retain a percentage of net win as a commission for administering the VLTs. ",https://osc.state.ny.us/audits/allaudits/093012/10s56.htm
Agency,Nassau County Interim Finance Authority,"The Nassau County Interim Finance Authority (NIFA) is a corporate governmental agency and instrumentality of the State of New York constituting a public benefit corporation created by the Nassau County Interim Finance Authority Act, Chapter 84 of the Laws of 2000, as supplemented by Chapter 179 of the Laws of 2000 and as amended from time to time (the ""Act"").NIFA (the ""Authority"") is empowered to issue its bonds and notes for various County purposes, including the restructuring of a portion of the County's outstanding debt. In addition, the Authority has certain powers under the Act to monitor and oversee the County's finances, including Covered Organization, and upon the declaration of a ""control period,"" additional oversight authority.",http://www.nifa.state.ny.us/
Agency,National and Community Service,"The Office of National and Community Service supports community service grants that provide youth education, assistance to individuals with disabilities, public health services, and disaster preparedness.",Executive Briefing Book Page 100
Agency,Nonprofit Infrastructure Capital Investment Program,"The Nonprofit Infrastructure Capital Investment Program makes targeted investments in capital projects that improve the quality, efficiency, and accessibility of nonprofit human services organizations that provide direct services to New Yorkers.",Executive Briefing Book Page 101
Agency,Olympic Regional Development Authority,"The New York State Olympic Regional Development Authority (ORDA) was originally created by the State of New York to manage the facilities used during the 1980 Olympic Winter Games at Lake Placid. Today, ORDA operates Whiteface Mountain ski area located in the Town of Wilmington, just 15 minutes outside the Village of Lake Placid; Gore Mountain ski area located in North Creek, New York - 80 miles north of Albany; Belleayre Mountain located in Highmount, NY - 80 miles south of Albany; as well as the Olympic Center, the Olympic Jumping Complex and Olympic Sports Complex - all located in Lake Placid. ",http://www.orda.org/corporate/
Agency,"Parks, Recreation and Historic Preservation, Office of","The mission of the Office of Parks, Recreation and Historic Preservation is to provide safe and enjoyable recreational and interpretive opportunities for all New York State residents and visitors and to be responsible stewards of our valuable natural, historic and cultural resources. The agency oversees an extensive network of facilities that includes golf courses, swimming pools, beaches, marine and boat launching sites, museums and nature centers, cabins and cottages, campsites, and miles of trails. Today, the system totals 215 state parks and historic sites encompassing over 350,000 acres, providing year-round, affordable outdoor recreation and education to approximately 75 million visitors each year.",http://parks.ny.gov/
Agency,"People with Developmental Disabilities, Office for","The New York State Office for People With Developmental Disabilities (OPWDD) is responsible for coordinating services for nearly 140,000 New Yorkers with developmental disabilities, including intellectual disabilities, cerebral palsy, Down syndrome, autism spectrum disorders, Prader-Willi syndrome and other neurological impairments. It provides services directly and through a network of approximately 650 not-for-profit service providing agencies, with about 80 percent of services provided by the private not-for-profits and 20 percent provided by State-run services.",http://www.opwdd.ny.gov/
Agency,"Power Authority, New York","The New York Power Authority (NYPA) supplies power statewide through two large hydroelectric facilities and more than 1,400 miles of transmission lines.",Executive Briefing Book Page 71
Agency,"Prevention of Domestic Violence, Office for",To improve New York State's response to and prevention of domestic violence with the goal of enhancing the safety of all New Yorkers in their intimate and family relationships.,http://www.opdv.ny.gov/
Agency,"Probation and Correctional Alternatives, Division of","The New York State Division of Criminal Justice Services was a multi-function criminal justice support agency. Their  mission was to, 'Enhance Public Safety and Improve Criminal Justice'.  OPCA was committed to improving practices that promoted public safety, ensured offender accountability, provided restitution to victims and reduce recidivism. OPCA provided the tools necessary to enable local jurisdictions to make the best use of their staff and programs. The programs funded through OPCA enhanced New York's criminal justice and juvenile justice policies and offered specialized services that were supported by research including employment, training, and treatment - all of which substantially contributed to successful and longstanding outcomes. This agency was merged with the Division of Criminal Justice Services in fiscal year 2010-11, which carries on the agency's mission.",https://www.criminaljustice.ny.gov/opca/index.htm
Agency,Public Employment Relations Board,"The Public Employment Relations Board (PERB) was created by the Public Employees Fair Employment Act of 1967 to resolve labor disputes between public employers and employees. The Board's jurisdiction includes State, county and local governments, certain special service districts, school districts, public authorities; and since July 2010, private employers that are not provided services by the National Labor Relations Board, the Federal Mediation and Conciliation Service, or the National Mediation Board.",http://www.perb.ny.gov
Agency,"Public Ethics, Joint Commission on","The Joint Commission on Public Ethics (JCOPE) promotes public trust in government by ensuring compliance with the State's ethics and lobbying laws. JCOPE provides information, education and guidance regarding current ethics and lobbying laws, and ensures compliance with these laws through audits, investigations and enforcement proceedings. ",http://www.jcope.ny.gov/
Agency,Public Service Department,"The primary mission of the New York State Department of Public Service is to ensure affordable, safe, secure, and reliable access to electric, gas, steam, telecommunications, and water services for New York State's residential and business consumers, while protecting the natural environment. The Department also seeks to stimulate effective competitive markets that benefit New York consumers through strategic investments, as well as product and service innovations.",http://www.dps.ny.gov/
Agency,Regional Economic Development Program,"Created in 2005, the Regional Economic Development Program supports diverse, prosperous local economies across New York State through the efficient use of loans and grants that: encourage and foster viable commercial uses of technoogy; facilitate the creation and retention of jobs; increase business activity within a municipality or region of the State; enhance educational opportuinity and quality of community life; and provide public benefits to the State of New York and its citizens. ",Executive Briefing Book Page 52-53
Agency,"Regulatory Reform, Governor's Office of","The Governor's Office of Regulatory Reform (GORR) improves the State's regulatory process by assisting State agencies in the development of regulations that are well conceived, understandable, and based upon adequate input from the parties affected. GORR also helps businesses start or expand their operations by expediting permit approvals and facilitating communication between regulators and affected parties. In 2008, an estimated 50,000 applications for new and expanding businesses were submitted electronically through the Online Permit and Licensing System (OPAL).",http://www.budget.ny.gov
Agency,Small Government Assistance,Small Government Assistance provides aid to certain local governments. ,
Agency,"Special Infrastructure Account, New York State","The Special Infrastructure Account funds investment across a wide range of infrastructure projects throughout New York State, from large-scale infrastructure projects and complex program enhancements, to smaller strategically critical needs in project funding.",https://www.budget.ny.gov/pubs/archive/fy17archive/eBudget1617/agencyPresentations/appropData/SpecialInfrastructureAccount.html
Agency,STAR,The School Tax Relief (STAR) program provides eligible homeowners in New York State with relief on their property taxes.,https://www.tax.ny.gov/star/
Agency,"State Police, Division of","The primary mission of the Division of State Police is to protect the citizens of the State, prevent and detect crime and other violations of law and promote highway safety. The Division's many responsibilities include patrolling roads and highways outside major urban areas, providing specialty and investigative police services, conducting sophisticated investigations of criminal activities such as drug trafficking and child endangerment, and working cooperatively with various levels of law enforcement throughout the State.",https://www.troopers.ny.gov/
Agency,State University of New York,"The State University of New York is the largest comprehensive university system in the United States. Our impact in New York State and across the globe begins with our 64 institutions, including research universities, academic medical centers, liberal arts colleges, community colleges, colleges of technology and an online learning network. We serve nearly 1.3 million students, including nearly 600,000 in credit bearing courses and programs and more than 700,000 through continuing education and community outreach programs. Our nearly 3 million SUNY alumni are located around the globe, each making their own unique impact.",http://www.suny.edu/
Agency,"State, Department of","Established in 1778, the Department of State (DOS) is the State's oldest agency. Historically serving as the State's general recording officer and custodian of the State's “Great Seal”, the Department's mission encompasses a broad range of activities that coordinate programs with, and provide services to, local governments, individuals, and businesses. The Department supports public safety through the administration of building and energy code programs; administers programs for community development and local government service activities; and supports businesses through various licensing and registration activities.",http://www.dos.ny.gov/
Agency,Statewide Financial System,"The Statewide Financial System (SFS) is New York State government's accounting and financial management system. This modern enterprise resource planning (ERP) system was built with the goal of enabling the State of New York to perform its fiscal and business management tasks more effectively, transparently, and efficiently than ever before. The SFS facilitates the management and flow of information between and among state agencies, state control agencies (the Division of the Budget and the Office of the State Comptroller), the State legislature, vendors doing business with New York State, and the general public.",http://www.sfs.ny.gov/index.php/about-sfs
Agency,Strategic Investment Program,"Established in 2000, the Strategic Investment Program  supports diverse, prosperous local economies across New York State through the efficient use of loans, grants, investing in economic development, environmental, arts and cultural, and higher education/ high technology inclubator projects that will provide public benefits to the State of New York and its citizens. ",
Agency,"Tax Appeals, Division of",The Division of Tax Appeals was created by the Legislature in 1986 as an independent and impartial body for the resolution of tax and licensing disputes. It is headed by the Tax Appeals Tribunal which is comprised of three commissioners appointed by the Governor and confirmed by the State Senate. The commissioners are appointed for nine-year terms. One of the Commissioners is designated the President of the Tribunal by the Governor and is responsible for the administration of the Tribunal and the Division of Tax Appeals as a whole.,http://www.dta.ny.gov/
Agency,"Taxation and Finance, Department of",The Department of Taxation and Finance's mission is to efficiently collect tax revenues in support of State services and programs while acting with integrity and fairness in the administration of the tax laws of New York State. ,http://www.tax.ny.gov/
Agency,"Temporary and Disability Assistance, Office of",The Office of Temporary and Disability Assistance (OTDA) is responsible for supervising programs that provide assistance and support to eligible low-income families and individuals.  OTDA's functions include: Providing temporary cash assistance; providing assistance in paying for food; providing heating assistance; overseeing New York State's child support enforcement program; determining certain aspects of eligibility for Social Security Disability benefits; supervising homeless housing and services programs; and providing assistance to certain immigrant populations.,http://otda.ny.gov/
Agency,"Transportation, Department of","The Department of Transportation (DOT) is responsible for construction, reconstruction, maintenance, and snow and ice removal for the State's highways and bridges.  In addition, DOTprovides funding for rail, airport, bicycle, pedestrian, and canal programs as well  as local government highway and bridge construction. The Department also provides coordination and funding for more than 130 public transportation operators including the MTA, the four Upstate regional transportation authorities, and other (usually county-sponsored) transit systems.",Executive Briefing Book Page 142
Agency,"Veterans' Services, Division of","The New York State Division of Veterans' Services (DVS or Division) connects veterans, members of the armed forces, and their families and dependents to various economic, medical and social benefits and services as the result of active military service.  DVS also advocates on behalf of New York's veterans and their families, as individuals and as a group, to ensure they receive benefits granted by law for service in the United States Armed Forces.",http://www.veterans.ny.gov/
Agency,"Victim Services, Office of","OVS has a three-tiered mission to: provide compensation to innocent victims of crime in a timely, efficient and compassionate manner; fund direct services to crime victims via a network of community-based programs; and advocate for the rights and benefits of all innocent victims of crime.",https://ovs.ny.gov/
Agency,"Welfare Inspector General, Office of","The Office of the Welfare Inspector General is commissioned to protect the integrity of social/human services programs, benefits and funds throughout the State of New York.",https://ig.ny.gov/offices/welfareinspectorgeneral
Agency,Workers' Compensation Board,"The New York State Workers' Compensation Board protects the rights of employees and employers by ensuring the proper delivery of benefits to those who are injured or ill, and by promoting compliance with the law.",http://www.wcb.ny.gov/
Agency,"Youth, Division for",The Division for Youth (DFY) is a historical agency that was responsible for the state's juvenile justice system.  DFY was merged into the Office of Children and Family Services in SFY 1998 and its youth facility and related program operations function as the Division of Juvenile Justice and Opportunities for Youth within OCFS.,http://www.ocfs.state.ny.us/main/rehab/
FP Category,Capital Projects,"Include payments made for the acquisition or construction of the State's capital facilities.  Included in this category are planning, land acquisition, design, construction, engineering services, and equipment costs attributable to highway, parkway and rail preservation projects; outdoor recreation and environmental conservation projects; payments to local government units and public authorities to help finance highways, parkways, bridges, mass transportation, aviation, economic development, port development, community colleges, community and State mental hygiene buildings, outdoor recreational parks, correctional facilities and State-assisted housing as well as environmental quality projects.  Advances are made for capital construction costs reimbursable by public authorities, the Federal or local governments, or from the proceeds of State bond and note sales.",FP Quarterly Report -- Financial Plan Tables and Accompanying Notes
FP Category,Debt Service,Includes payments made for tax-financed State debt service on long-term debt; contractual-obligation and lease-purchase arrangements with several public authorities and municipalities; and lease-purchase payments for Health and Mental Hygiene facilities. ,FP Quarterly Report -- Financial Plan Tables and Accompanying Notes
FP Category,Fringe Benefits,"Employee fringe benefits paid through General State Charges are financed from the General Fund in the first instance, and then partially reimbursed from payments made by non-general  funds through agency fringe benefit assessments.  ",FP Quarterly Report -- Financial Plan Tables and Accompanying Notes
FP Category,General State Charges,"Includes costs mandated by statute, collective bargaining agreements or court order.  Charges in this category can be further subdivided into the following:  Fringe Benefits.  Contributions to pension systems, the employer's share of Social Security  contributions, employer contributions toward the cost of health insurance, workers' compensation and unemployment insurance, and contributions to union employee benefit funds which provide vision care and other services.   Fixed Costs.  For State PILOT programs, as well as payments for local assessments on State-owned land, judgments against the State pursuant to the Court of Claims Act, defenses by private counsel, or alternatively payments on behalf of State officers and employees in civil judicial proceedings. ",FP Quarterly Report -- Financial Plan Tables and Accompanying Notes
FP Category,Grants to Local Gov.,"Includes payments to counties, cities, towns, villages, school districts and other local entities, as well as certain financial assistance to, or on behalf of, individuals and nonprofit organizations.",FP Quarterly Report -- Financial Plan Tables and Accompanying Notes
FP Category,Indirect Costs,"Includes agency or central service agency costs that cannot be directly associated with the administration of a particular program and therefore cannot be charged as a direct program expense. Indirect costs include, but are not limited to, physical overhead, space occupancy, utilities, information technology and central service agency costs.",OSC Guide to Financial Operations  -- http://www.osc.state.ny.us/agencies/guide/MyWebHelp/
FP Category,Non-Personal Service,"Includes payments for miscellaneous contractual obligations, supplies and materials, travel, rentals and repairs, utilities, postage and shipping, printing, telephone, and other operating costs.",FP Quarterly Report -- Financial Plan Tables and Accompanying Notes
FP Category,Personal Service,Includes the payment of salaries and compensation for State employees.,FP Quarterly Report -- Financial Plan Tables and Accompanying Notes
Fund,Arts Capital Revolving Fund,To account for Not-For Profit Arts Organizations Capital Loan Program.,OSC Fund Classification
Fund,Attica State Employee Victims,To account for funds set aside for state employee victims and survivors of the 1971 Attica correctional facility riot.,OSC Fund Classification
Fund,Capital Projects Fund,To account for the financing of the construction of capital facilities or the acquisition of capital facilities.,OSC Fund Classification
Fund,Charter School Stimulus Fund,"To provide financial support, including grants and loans to Charter School applicants and to Charter Schools for start-up costs and for costs associated with the acquisition, renovation, or construction of school facilities.",OSC Fund Classification
Fund,Chemical Dependence Service,"To account for revenues realized from the forfeiture of property of criminals pursuant to Article 13-A of the Civil Practice Law, that are earmarked for specific Office of Alcoholism and Substance Abuse Service programs.",OSC Fund Classification
Fund,Child Performers Protection Fund,"To account for the costs of administering the registration program necessary for ensuring the employment and education requirements for child performers who work or reside in New York State, pursuant to Article 4-A of the Labor Law.",OSC Fund Classification
Fund,City University of New York Capital Projects Fund,To account for the City University Senior College capital projects financed by private gifts or grants or by grants from other governmental entities.,OSC Fund Classification
Fund,City University Tuition Reimbursement (CUTRA),,
Fund,Clean Air Fund,To account for revenues dedicated to meet the State's obligations under the Clean Air Act for controlling stationary and mobile sources of air pollution.,OSC Fund Classification
Fund,Clean Oceans Fund,,
Fund,Clean Water/Clean Air Implementation,"To account for the appropriated administrative expenses of state departments, agencies, public authorities and public benefit corporations for the administration of state assistance payments under the Clean Water/Clean Air Bond Act of 1996.",OSC Fund Classification
Fund,Combined Expendable Trust,"To account for various gifts, grants and bequests received by various State departments and agencies pursuant to Section 11 of the State Finance Law.",OSC Fund Classification
Fund,Combined Nonexpendable Trust Fund,To account for gifts and bequests received by various State departments and agencies pursuant to Section 11 of the State Finance Law; the principal of which must be preserved intact with only the interest income available for expenditure and loans made to OMH voluntary providers for start-up costs related to intermediate care facilities.,OSC Fund Classification
Fund,Combined Student Loan Fund,To account for the Student Loan Program administered by the State University of New York.,OSC Fund Classification
Fund,Community Projects Fund,"To account for various grants, awards and contracts with local governments, not for profit organizations and community groups sponsored by individual Legislators and the Governor. These are often referred to as member items.",OSC Fund Classification
Fund,Conservation Fund,To account for revenues that are earmarked for environmental conservation purposes.,OSC Fund Classification
Fund,Correctional Facilities Capital Improvement Fund,To account for correctional facilities capital projects financed by the New York State Urban Development Corporation.,OSC Fund Classification
Fund,Court Facilities Incentive Aid Fund,"To account for the distribution of court facilities incentive aid pursuant to State Finance Law, Section 54-j.",OSC Fund Classification
Fund,Dedicated Highway and Bridge Trust Fund,To account for dedicated revenues used to finance transportation related capital projects and payments for debt service on NYS Thruway Authority bonds.,OSC Fund Classification
Fund,Dedicated Mass Transportation Trust Fund,To account for moneys that are earmarked for mass transportation purposes.,OSC Fund Classification
Fund,Department of Health Income,"To account for certain Department of Health revenues that are earmarked for the payment of obligations under the terms of agreements between the Department of Health, the Dormitory Authority, and the Roswell Park Cancer Institute (RPCI).",OSC Fund Classification
Fund,Department of Transportation Engineering Services,To chargeback the costs of providing engineering services for capital projects administered by the Department of Transportation.,OSC Fund Classification
Fund,Disproportionate Share Medical Assistance Fund,,
Fund,Division for Youth Facilities Improvement Fund,To account for Division for Youth Facilities Improvement capital projects financed by the New York State Urban Development Corporation.,OSC Fund Classification
Fund,Drinking Water Program Management and Administration Fund,To account for the administration costs associated with implementing the Drinking Water Program established by Title IV of Article 11 of the Public Health Law and the Drinking Water Revolving Fund established by Section 1285-m of the Public Authorities law.,OSC Fund Classification
Fund,Emergency Highway Construction and Reconstruction Fund,,
Fund,Emergency Highway Reconditioning and Preservation Fund,,
Fund,Employment Training,To account for contracts between the Office of Children and Family Services and NYC in conjunction with moneys received by the City under the Workforce Investment Act and Temporary Assistance to Needy Families.,OSC Fund Classification
Fund,Environmental Conservation Special Revenue Fund,To account for revenues of the Department of Environmental Conservation earmarked for specific purposes.,OSC Fund Classification
Fund,Environmental Protection and Oil Spill Compensation Fund,To account for revenues earmarked for the environmental protection and oil spill compensation program.,OSC Fund Classification
Fund,Environmental Protection Fund,"To account for dedicated revenues which will be used to assist local government, not-for-profit corporations, and fund State initiatives to protect the environment and protect open space.",OSC Fund Classification
Fund,Equipment Loan Fund for the Disabled,To account for loans made to the disabled for the acquisition of equipment.,OSC Fund Classification
Fund,Federal Block Grants Fund,To account for Federal block grants administered by the Department of Health and Human Services.,OSC Fund Classification
Fund,Federal Capital Projects,To account for capital projects financed from Federal grants.,OSC Fund Classification
Fund,Federal Education Fund,To account for Federal grants administered by the U.S. Department of Education.,OSC Fund Classification
Fund,Federal Employment and Training Grants,,
Fund,Federal Health and Human Services Fund,To account for Federal grants administered by the Department of Health and Human Services.,OSC Fund Classification
Fund,Federal Miscellaneous Operating Grants Fund,To account for miscellaneous Federal grants that are each earmarked for specific purposes.,OSC Fund Classification
Fund,Federal Revenue Maximization Contract,To account for dedicated revenues specified by the Office of Temporary and Disability Assistance or the Department of Health on account of federal revenue maximization contract activities.,OSC Fund Classification
Fund,Federal USDA / Food and Nutrition Services Fund,To account for Federal grants administered by the U.S. Department of Agriculture.,OSC Fund Classification
Fund,Forest Preserve Expansion Fund,To account for the acquisition of land for the forest preserve in the Adirondacks and Catskill Parks.,OSC Fund Classification
Fund,Fringe Benefit Escrow Account,To account for the billings and collections of the Centralized Fringe Benefit Billing System to recover a fair share of the employer's share of fringe benefits costs attributable to employees paid from Non-General Funds. All collections are used to 'offset' appropriated general state charge payments from the State Operations Account (10050).,OSC Fund Classification
Fund,Fund,"A fund is defined as a fiscal and accounting entity with a self-balancing set of accounts recording cash and other financial resources together with all related liabilities and residual equities or balances and changes therein, which are segregated for the purpose of carrying on specific activities or attaining certain objectives in accordance with special regulations, restrictions or limitations.",OSC Fund Classification
Fund,General Debt Service Fund,"To account for the payments of principal and interest on the State's general obligation bonds, revenue bonds and certain lease purchase agreements that are financed from General Fund revenues, other authorized transfers, dedicated PIT receipts (25%), Sales Tax (1%) and ARRA federal interest subsidy payments.",OSC Fund Classification
Fund,Hazardous Waste Remedial Fund,To account for revenues earmarked for the clean-up of hazardous waste disposal sites.,OSC Fund Classification
Fund,HCRA Resources,To account for health care initiatives financed with HCRA resources.,OSC Fund Classification
Fund,Housing Assistance Fund,To account for moneys earmarked for various housing assistance programs.,OSC Fund Classification
Fund,Housing Debt Fund,"To account for the repayment of advances made to cities, towns, villages, public corporations and low-income housing authorities from the proceeds of the State Housing Bonds that are earmarked for paying the principal and interest on State Housing bonds.",OSC Fund Classification
Fund,Housing Development Fund,To account for non-interest temporary loans authorized by the Private Housing Finance Law Section 576-d to non-profit housing development companies for initial development costs and for farm worker housing project loans.,OSC Fund Classification
Fund,Housing Program Fund,"To account for the Low Income Housing Trust Fund Program, the Affordable Home Ownership Development Program and the Homeless Housing and Assistance Program that is financed by the New York State Housing Finance Agency. To maintain and repair existing facilities financed by the Housing Finance Agency.",OSC Fund Classification
Fund,Hudson River Park Fund,For construction of the Hudson River Park between Battery Park City and 59th Street in Manhattan.,OSC Fund Classification
Fund,Indigent Legal Services,"To assist the State, counties and cities in providing legal representation for persons in need of services.",OSC Fund Classification
Fund,Judiciary Data Processing Offset Fund,To account for dedicated fees collected for conducting criminal history searches and other searches for data kept electronically by the Unified Court System.,OSC Fund Classification
Fund,Lake George Park Trust Fund,To account for revenues earmarked for the Lake George Park Commission for protecting the natural beauty and preserving the pure water supply and other natural resources of the Lake George Park.,OSC Fund Classification
Fund,Lawyers' Fund for Client Protection,To account for revenues earmarked for protecting the good name of the legal profession by compensating for losses caused by dishonest lawyers.,OSC Fund Classification
Fund,Legislative Computer Services Fund,To account for revenues earmarked for the development of the Legislature's data processing capabilities.,OSC Fund Classification
Fund,Local Assistance Account,To account for General Fund expenditures for local assistance.,OSC Fund Classification
Fund,Local Government Assistance Tax Fund,To account for revenues earmarked for payment to the New York Local Government Assistance Corporation for debt service.,OSC Fund Classification
Fund,Mass Transportation Operating Assistance Fund,To account for various taxes earmarked for public mass transportation operating assistance programs.,OSC Fund Classification
Fund,Mental Health Services Fund,"To account for the payment of debt service in conjunction with lease purchase agreements between the Facilities Development Corporation and the New York State Medical Care Facilities Finance Agency, or the Dormitory Authority as successor agency.",OSC Fund Classification
Fund,Mental Hygiene Facilities Capital Improvement,To account for Mental Hygiene capital projects financed by the New York State Medical Care Facilities Finance Agency or Dormitory Authority as successor agency.,OSC Fund Classification
Fund,Mental Hygiene Gifts and Donations Fund,To account for various gifts and donations to Mental Hygiene facilities for purposes designated by the donor.,OSC Fund Classification
Fund,Metropolitan Transportation Authority Financial Assistance Fund,To account for dedicated sources of funding for the Metropolitan Transportation Authority to address MTA's operating and capital needs.,OSC Fund Classification
Fund,Miscellaneous Capital Projects Fund,To account for various capital grants received by various State departments and agencies or to account for the non-state portion of joint capital projects whereby the State shares the costs of a capital project with other governmental or private entities.,OSC Fund Classification
Fund,Miscellaneous Special Revenue,"To account for various fines, fees and miscellaneous revenues that has been earmarked for specific governmental purposes.",OSC Fund Classification
Fund,Natural Resources Damages Fund,To account for restoration and/or replacement acquisition projects undertaken as a result of natural resource damage claims.,OSC Fund Classification
Fund,New York City County Clerks' Operations Offset Fund,To account for the distribution of dedicated court revenues collected in counties within the City of New York.,OSC Fund Classification
Fund,New York Great Lakes Protection Fund,To account for moneys transferred to the State of New York by the Great Lakes Protection Fund for research and other programs for protecting the Great Lakes.,OSC Fund Classification
Fund,New York State Canal System Development Fund,To account for moneys that are earmarked for the operations of the NYS canal system.,OSC Fund Classification
Fund,New York State Commercial Gaming,To account for moneys received from commercial casino regulatory and investigatory fees assessed by the NYS Gaming Commission.,OSC Fund Classification
Fund,New York State Local Government Records Management Improvement,To account for certain specified fees that are earmarked for improving local government records management.,OSC Fund Classification
Fund,NFTA Special Assistance Fund,,
Fund,Not-For-Profit Short-Term Revolving Loan,"To account for loans to not-for-profit organizations pursuant to State Finance Law, Section 179-z.",OSC Fund Classification
Fund,NYS DOT Commercial Vehicle Safety Program,,
Fund,NYS Storm Recovery Capital Fund,"To account for federal moneys received as reimbursement for costs associated with repair, rehabilitation or replacement of capital works or purposes created by damages from natural disasters.",OSC Fund Classification
Fund,Passenger Facility Charge Fund,To comply with Federal Aviation Administration regulations which require that passenger facility charges be deposited in a separate (interest bearing) fund.,OSC Fund Classification
Fund,Racing Preservation Account,,
Fund,School Tax Relief Fund,To reimburse school districts for the School Tax Relief (STAR) property tax exemptions for homeowners pursuant to the Real Property Tax law.,OSC Fund Classification
Fund,Sewage Treatment Program Management and Administration Fund,To account for moneys earmarked for the administrative costs of managing the Sewage Treatment Program and the Water Pollution Control Revolving Fund.,OSC Fund Classification
Fund,Special Parkway Rehabilitation Fund,,
Fund,State Lottery Fund,To account for New York State Lottery operations.,OSC Fund Classification
Fund,State Operations Account,To account for General Fund expenditures for state purposes.,OSC Fund Classification
Fund,State Parks Infrastructure Fund,"To account for the rehabilitation, preservation and improvement of State park facilities and historic sites.",OSC Fund Classification
Fund,State Police Motor Vehicle Law Enforcement and MV Theft & Ins Fraud Prevention,"To account for moneys that are deducted for activities relating to the detection, prevention, or reduction of automobile theft.",OSC Fund Classification
Fund,State University Capital Projects Fund,"To account for State University capital projects financed by Dormitory Authority bond proceeds, SUNY Income Fund and other non-State revenue sources.",OSC Fund Classification
Fund,State University Dormitory Income Fund,"To account for certain State University revenues that are earmarked for payment of obligations under the terms of agreements, between the State University of New York and the Dormitory Authority.",OSC Fund Classification
Fund,State University Dormitory Income Fund - Historical,,
Fund,State University Income Fund,To account for certain State University revenues that are earmarked for the operating expenses of the State University of New York.,OSC Fund Classification
Fund,Suburban Transportation Fund,"To account for the financing of transportation capital projects in the counties of Nassau, Suffolk, Westchester, Putnam, Dutchess, Orange and Rockland; comprising the metropolitan commuter transportation district.",OSC Fund Classification
Fund,SUNY Residence Halls Rehabilitation and Repair Fund,To account for State University capital projects financed by Dormitory and room rentals and other college fees.,OSC Fund Classification
Fund,Tobacco Transfer - Medical Assistance Acct,,
Fund,Training and Education Program on Occupational Safety and Health Fund,"To account for revenues earmarked for occupational safety and health training, education programs, enforcement activities and other worker protection activities.",OSC Fund Classification
Fund,Tuition Reimbursement Fund,To account for revenues that are earmarked for making tuition refunds to students when a proprietary vocational school fails to do so and for administrative expenses.,OSC Fund Classification
Fund,Unemployment Insurance Administration Fund,To account for services and expenses of administering unemployment insurance and other miscellaneous employment service programs.,OSC Fund Classification
Fund,Unemployment Insurance Interest and Penalty,To account for the collection and disposition of unemployment insurance interest and penalty assessments imposed on NYS employers.,OSC Fund Classification
Fund,Unemployment Insurance Occupational Training Fund,To account for Federal grants for various employment and training programs.,OSC Fund Classification
Fund,Universal Pre-Kindergarten Reserve,"To account for funds that are set aside, at the request of a school district, pending the approval of the school district's application to begin pre-kindergarten program by the NYS Department of Education.",OSC Fund Classification
Fund,US Olympic Committee/Lake Placid Olympic Training Fund,To account for taxpayer contributions and distinctive license plate fees dedicated for the maintenance and operation of the Lake Placid Olympic Training Center.,OSC Fund Classification
Fund,Vocational Rehabilitation Fund,To account for rehabilitative services to individuals totally or partially incapacitated for work financed by a fee earmarked for that purpose.,OSC Fund Classification
Fund,Winter Sports Education Trust Fund,To account for the proceeds from the Olympic Lottery Game set aside as a trust fund to be invested with the principal and interest earmarked for the benefit of the New York State Olympic Regional Development Authority.,OSC Fund Classification
Fund,Youth Centers Facility Fund,To account for youth center capital facility grants as authorized by Article 19-G Title 3-A of the Executive Law that are financed by the New York State Urban Development Corporation.,OSC Fund Classification
Fund Type,Capital Projects Funds - Federal,These funds are used to account for the Federal financial resources used for the acquisition or construction of major State-owned capital facilities and for capital assistance grants to local governments and public authorities. ,OSC Annual Comprehensive Report
Fund Type,Capital Projects Funds - Other,These funds are used to account for the non-Federal financial resources used for the acquisition or construction of major State-owned capital facilities and for capital assistance grants to local governments and public authorities. ,OSC Annual Comprehensive Report
Fund Type,Debt Service Funds,"All tax-financed State debt service on long-term debt and payments on certain lease-purchase or other contractual obligations are paid from Debt Service funds. These account for the accumulation of money for, and the payment of principal and interest on, general long-term debt.  Lease-purchase payments for State University, Health and Mental Hygiene facilities under contractual agreements with public authorities are also paid from funds classified as Debt Service funds. Debt service on highway bonds supported by dedicated highway revenues is also reflected in this fund type. Sources of revenue for this fund type include transfers from the General Fund, dedicated taxes, and other revenues.",http://openbudget.ny.gov/userGuide.html
Fund Type,General Fund,"This is the major operating fund of the State. It receives all State income not earmarked for a particular program or activity and not specified by law to be deposited in another fund. State income for Financial Plan purposes consists of moneys (taxes, fees, and miscellaneous receipts including certain repayments of State advances) deposited to the credit of the General Fund during the fiscal year and transfers from other funds from current revenues.",http://openbudget.ny.gov/userGuide.html
Fund Type,Special Revenue Funds - Federal,"This a major fund that accounts for most federal revenues and expenditures.  The Federal Special Revenue Fund is divided into several accounts.  The Fund accounts for federal grants received by the State that are earmarked for specific programs.  The need to satisfy federal accounting and reporting requirements dictates that federal grants be accounted for in a number of separate accounts.  These accounts include the Federal USDA - Food and Nutrition Services Accounts, the Federal Health and Human Services Account, the Federal Education Account, the Federal Operating Grants Account, the Unemployment Insurance Ammonization Account, the Federal Unemployment Insurance Occupational Training Account and the Federal Employment and Training Grants Account. ",OSC Annual Comprehensive Report
Fund Type,Special Revenue Funds - Other,These funds account for State receipts from specific non-Federal revenue sources and are legally restricted to disbursement for specified purposes.,http://openbudget.ny.gov/userGuide.html
